{"RuleTriggered": 0, "Violations": 0, "Details": {"pin_memory": false, "num_workers": 0, "cores": 4, "dataloaders": 1, "dataloading_time": {"p25": 0.38003625, "p50": 0.4483015, "p95": 0.5772437, "probs": [1, 0, 1, 0, 0, 0, 0, 0, 0, 0, 0, 0, 0, 0, 0, 0, 0, 0, 0, 0, 0, 0, 1, 0, 0, 0, 0, 0, 0, 0, 0, 0, 0, 0, 1, 0, 0, 0, 0, 0, 0, 0, 0, 0, 0, 0, 0, 1, 0, 0, 1, 0, 0, 0, 0, 0, 1, 0, 0, 0, 0, 0, 0, 0, 0, 1, 0, 0, 0, 0, 0, 0, 0, 0, 0, 0, 0, 0, 0, 0, 0, 0, 0, 0, 0, 1, 0, 0, 0, 0, 0, 0, 0, 0, 0, 0, 0, 0, 0, 1], "binedges": [0.305863, 0.3087728, 0.3116826, 0.3145924, 0.3175022, 0.320412, 0.3233218, 0.3262316, 0.3291414, 0.3320512, 0.334961, 0.3378708, 0.3407806, 0.3436904, 0.3466002, 0.34951, 0.3524198, 0.3553296, 0.3582394, 0.3611492, 0.364059, 0.3669688, 0.3698786, 0.3727884, 0.3756982, 0.378608, 0.3815178, 0.3844276, 0.3873374, 0.3902472, 0.393157, 0.3960668, 0.3989766, 0.4018864, 0.4047962, 0.407706, 0.4106158, 0.4135256, 0.4164354, 0.4193452, 0.422255, 0.4251648, 0.42807459999999997, 0.4309844, 0.4338942, 0.43680399999999997, 0.43971380000000004, 0.4426236, 0.44553339999999997, 0.44844320000000004, 0.451353, 0.45426279999999997, 0.45717260000000004, 0.4600824, 0.46299219999999996, 0.46590200000000004, 0.4688118, 0.47172159999999996, 0.47463140000000004, 0.4775412, 0.480451, 0.48336080000000003, 0.4862706, 0.4891804, 0.49209020000000003, 0.495, 0.4979098, 0.5008196, 0.5037294, 0.5066392, 0.509549, 0.5124588, 0.5153686, 0.5182784, 0.5211882, 0.524098, 0.5270078, 0.5299176, 0.5328274, 0.5357372, 0.538647, 0.5415568, 0.5444666, 0.5473764, 0.5502862, 0.553196, 0.5561058, 0.5590156, 0.5619254, 0.5648352, 0.5677449999999999, 0.5706548, 0.5735646000000001, 0.5764743999999999, 0.5793842, 0.5822940000000001, 0.5852037999999999, 0.5881136, 0.5910234000000001, 0.5939331999999999, 0.596843]}}, "Datapoints": 10, "RuleParameters": "min_threshold:70\nmax_threshold:200"}