{"RuleTriggered": 0, "Violations": 0, "Details": {"step_num": {"first": 1668351433131559, "last": 1668352138171408}, "job_start": 1668351367.500846, "job_end": 1668352139.501274}, "Datapoints": 164, "RuleParameters": "threshold:20"}