{"RuleTriggered": 0, "Violations": 0, "Details": {"ratio": {"cpu_functions": 100.0}, "phase": {"Step:ModeKeys.TRAIN": 98.51077369841667, "others": -2.9945941650634467, "Step:ModeKeys.EVAL": 4.483820466646766}, "phase_time": {}, "CPU": {"aten::conv2d": 17.39209274539481, "aten::convolution": 17.389010175882806, "aten::_convolution": 17.386600979262884, "aten::mkldnn_convolution": 17.38071120020319, "aten::batch_norm": 9.005459185930837, "aten::_batch_norm_impl_index": 9.001913621788573, "aten::native_batch_norm": 8.997437194758099, "enumerate(DataLoader)#_SingleProcessDataLoaderIter.__next__": 3.4467748967787997}, "CPU_total": {"aten::conv2d": 21411680, "aten::convolution": 21407885, "aten::_convolution": 21404919, "aten::mkldnn_convolution": 21397668, "aten::batch_norm": 11086763, "aten::_batch_norm_impl_index": 11082398, "aten::native_batch_norm": 11076887, "enumerate(DataLoader)#_SingleProcessDataLoaderIter.__next__": 4243379}, "general": {"DataLoaderIterInitialize": 0.00013791467733794563, "DataLoaderIter": 0.5880639201403289, "Forward": 99.41179816518233}}, "Datapoints": 0, "RuleParameters": ""}