{"RuleTriggered": 2, "Violations": 24, "Details": {"step_details": {"algo-1-27": {"step_stats": {"mean": 4.663872758169934, "max": 24.563556, "p99": 23.3924, "p95": 22.8954228, "p50": 2.955268, "min": 2.476875}, "number_of_outliers": 12, "phase": "Step:ModeKeys.TRAIN", "stddev": 5.5, "probs": [18, 0, 0, 0, 61, 48, 2, 0, 1, 0, 4, 0, 4, 0, 0, 0, 0, 0, 0, 0, 0, 0, 0, 0, 0, 0, 0, 0, 0, 0, 0, 0, 0, 0, 0, 0, 0, 0, 0, 0, 0, 0, 0, 1, 0, 0, 0, 0, 0, 0, 0, 0, 0, 0, 0, 0, 0, 0, 0, 0, 0, 0, 0, 0, 0, 0, 0, 0, 0, 0, 0, 0, 0, 0, 0, 0, 0, 0, 0, 0, 0, 0, 0, 0, 0, 0, 0, 0, 0, 0, 0, 0, 0, 0, 0, 0, 0, 0, 0, 2], "binedges": [2.476875, 2.57263172, 2.66838844, 2.76414516, 2.8599018800000002, 2.9556586, 3.0514153200000003, 3.14717204, 3.2429287600000003, 3.33868548, 3.4344422000000003, 3.53019892, 3.62595564, 3.72171236, 3.8174690800000004, 3.9132258, 4.00898252, 4.104739240000001, 4.2004959600000005, 4.29625268, 4.3920094, 4.48776612, 4.5835228400000005, 4.67927956, 4.77503628, 4.870793000000001, 4.96654972, 5.06230644, 5.15806316, 5.25381988, 5.349576600000001, 5.4453333200000005, 5.54109004, 5.63684676, 5.73260348, 5.8283602000000005, 5.92411692, 6.01987364, 6.115630360000001, 6.21138708, 6.3071438, 6.40290052, 6.49865724, 6.594413960000001, 6.69017068, 6.7859274, 6.881684120000001, 6.97744084, 7.0731975600000005, 7.1689542799999995, 7.264711, 7.360467720000001, 7.45622444, 7.55198116, 7.647737880000001, 7.7434946, 7.839251320000001, 7.93500804, 8.03076476, 8.126521480000001, 8.2222782, 8.31803492, 8.413791640000001, 8.50954836, 8.60530508, 8.7010618, 8.79681852, 8.892575240000001, 8.98833196, 9.08408868, 9.1798454, 9.27560212, 9.371358840000001, 9.46711556, 9.56287228, 9.658629000000001, 9.75438572, 9.85014244, 9.94589916, 10.04165588, 10.137412600000001, 10.23316932, 10.32892604, 10.42468276, 10.52043948, 10.6161962, 10.71195292, 10.80770964, 10.90346636, 10.99922308, 11.0949798, 11.19073652, 11.28649324, 11.38224996, 11.47800668, 11.5737634, 11.66952012, 11.76527684, 11.86103356, 11.95679028, 12.052547], "step_numbers": ["1", "2", "2", "3", "4", "5", "5", "6", "7", "7", "8", "9"]}}, "ratio": {}, "phase": {"Step:ModeKeys.EVAL": 100.0}, "phase_time": {}, "general": {"Forward": 100.0}}, "Datapoints": 164, "RuleParameters": "threshold:3\nmode:None\nn_outliers:10\nstddev:3"}